mode,mean_joint_error,final_joint_error,max_joint_error,rms_torque,max_torque,torque_smoothness,overshoot,diverged
pd_only,0.20698053440772818,0.308130171228674,0.32618472230285966,16.62034062746405,21.995411215101107,0.03131294847054324,0.018054551074185687,1.0
pd_gc,0.20404687084636164,0.30421112064322636,0.3346794160179448,26.74706940670878,29.505431781229536,0.027969793483129918,0.030468295374718457,1.0
pd_gc_low_gain,0.21418008069806105,0.3352188757717395,0.3451897872443023,23.64479751259267,24.461298343637996,0.014045428373675343,0.009970911472562849,1.0
pd_gc_torque_clipped,0.20404687084636164,0.30421112064322636,0.3346794160179448,26.74706940670878,29.505431781229536,0.027969793483129918,0.030468295374718457,1.0
computed_torque,0.20185504014896713,0.2992892744920655,0.33318610437284,32.99778073128112,40.94284361639565,0.03933629141810009,0.033896829880774526,1.0
task_space_pd_gc,2.916209033400934e-14,8.693877492434888e-15,3.636759828731859e-12,22.116291462968334,22.747212681593712,0.0069420211550649995,3.6280659512394243e-12,1.0
