mode,mean_joint_error,final_joint_error,max_joint_error,rms_torque,max_torque,torque_smoothness,overshoot,diverged
pd_only,0.09267568387114565,0.3260835870015858,0.32618472230285966,9.736752901367735,21.995411215101107,0.049083200577018316,0.00010113530127386916,0.0
pd_gc,0.08467835392042208,0.3345914012212796,0.3346794160179448,24.025385410065425,29.505431781229536,0.043975919032421526,8.80147966652034e-05,0.0
pd_gc_low_gain,0.08569607284163716,0.34132956669017334,0.341336710766891,22.921590390510406,24.09907501153244,0.02276888603635713,7.144076717646719e-06,0.0
pd_gc_torque_clipped,0.08776370448449936,0.32954171956013456,0.32958662646625947,14.52448911422562,19.801430996820358,0.03366709604349,4.490690612490855e-05,0.0
computed_torque,0.08443701052107842,0.3330736317420605,0.33318610437284,27.590859902996307,40.94284361639565,0.060211781457236616,0.0001124726307795143,0.0
task_space_pd_gc,4.715207537109719e-14,1.0071179838283914e-13,3.636759828731859e-12,22.440926188765907,22.747212681593712,0.011967511850111613,3.53604803034902e-12,0.0
